Type,Name,Request Count,Failure Count,Median Response Time,Average Response Time,Min Response Time,Max Response Time,Average Content Size,Requests/s,Failures/s,50%,66%,75%,80%,90%,95%,98%,99%,99.9%,99.99%,100%
GET,//?p=11,17509,13872,230.0,3245.8751633901634,3.7453999975696206,31477.80760000751,133587.35707350506,97.77405080797872,77.46425454385064,230,860,1900,3100,7400,30000,30000,30000,31000,31000,31000
GET,//?p=5,11606,9003,210.0,2644.554834378764,3.997499996330589,31526.02720000141,8622.436843012236,64.81041942300537,50.27470326256397,210,720,1300,1800,3400,30000,30000,30000,31000,32000,32000
GET,//?p=8,5889,4619,210.0,2902.2855340634515,3.7871999957133085,31465.79760000168,8351.318729835286,32.88545235068746,25.793497097610015,210,720,1300,1800,3900,30000,30000,30000,31000,31000,31000
,Aggregated,35004,27494,220.0,2988.695324925662,3.7453999975696206,31526.02720000141,71084.27474002971,195.46992258167157,153.53245490402463,220,790,1500,2200,5700,30000,30000,30000,31000,31000,32000
