Type,Name,Request Count,Failure Count,Median Response Time,Average Response Time,Min Response Time,Max Response Time,Average Content Size,Requests/s,Failures/s,50%,66%,75%,80%,90%,95%,98%,99%,99.9%,99.99%,100%
GET,/?p=11,4637,0,120.0,166.43579585948015,71.52460000361316,987.9916000063531,633939.0,25.8633784020863,0.0,120,150,190,220,320,430,560,630,890,990,990
GET,/?p=5,3082,0,57,86.58004630103326,31.70989999489393,691.6726999916136,30085.0,17.190194573049382,0.0,57,78,96,110,180,250,340,410,550,690,690
GET,/?p=8,1598,0,57,90.63525519399747,31.46790000027977,631.5031999984058,30022.0,8.913021066753053,0.0,57,79,100,120,190,270,380,460,600,630,630
,Aggregated,9317,0,92,127.01917204037804,31.46790000027977,987.9916000063531,330607.735215198,51.96659404188874,0.0,92,120,150,170,260,360,490,570,840,990,990
