Type,Name,Request Count,Failure Count,Median Response Time,Average Response Time,Min Response Time,Max Response Time,Average Content Size,Requests/s,Failures/s,50%,66%,75%,80%,90%,95%,98%,99%,99.9%,99.99%,100%
GET,//?p=11,4776,0,120.0,154.92857112641505,85.16810000583064,1781.1339000036241,633939.0,26.686213696960422,0.0,120,140,170,180,240,300,410,780,1600,1800,1800
GET,//?p=5,3199,0,68,96.12575936243155,44.038599997293204,1421.9394999963697,30084.0,17.874622616536097,0.0,68,84,98,110,140,190,300,820,1400,1400,1400
GET,//?p=8,1614,0,66,88.550991573814,44.1075999988243,1081.8376999959582,30035.0,9.018331010656224,0.0,66,80,94,100,140,180,260,440,990,1100,1100
,Aggregated,9589,0,100.0,124.13874859738443,44.038599997293204,1781.1339000036241,330838.2386067369,53.57916732415274,0.0,100,120,130,150,200,260,380,690,1400,1800,1800
