Type,Name,Request Count,Failure Count,Median Response Time,Average Response Time,Min Response Time,Max Response Time,Average Content Size,Requests/s,Failures/s,50%,66%,75%,80%,90%,95%,98%,99%,99.9%,99.99%,100%
GET,//?p=11,494,0,93,99.99098421144205,86.24380000401288,764.4647999986773,633939.0,2.758221825570475,0.0,93,96,100,110,110,120,120,120,760,760,760
GET,//?p=5,307,0,52,67.90791661284237,45.303000006242655,745.5893000005744,30084.0,1.7141176122472384,0.0,52,57,64,69,76,79,89,720,750,750,750
GET,//?p=8,163,0,52,67.58357791426131,46.01080001157243,724.7769999958109,30035.0,0.910101533538436,0.0,52,55,59,63,73,75,84,720,720,720,720
,Aggregated,964,0,88,84.29398319566346,45.303000006242655,764.4647999986773,339520.0819502075,5.382440971356149,0.0,88,91,93,95,110,110,120,720,760,760,760
