Type,Name,Request Count,Failure Count,Median Response Time,Average Response Time,Min Response Time,Max Response Time,Average Content Size,Requests/s,Failures/s,50%,66%,75%,80%,90%,95%,98%,99%,99.9%,99.99%,100%
GET,/?p=11,4797,0,83,99.70767087760979,69.95360000291839,699.5251000043936,633939.0,26.76773101116502,0.0,83,92,100,110,140,170,250,350,620,700,700
GET,/?p=5,3239,0,39,50.231732540892786,29.38729999732459,512.0775999967009,30085.0,18.0739380331798,0.0,39,45,52,57,76,96,140,200,480,510,510
GET,/?p=8,1589,0,39,51.02097004391261,29.74230000108946,473.3994999987772,30022.0,8.866776021834733,0.0,39,45,52,59,76,99,150,250,470,470,470
,Aggregated,9625,0,74,75.02032210905206,29.38729999732459,699.5251000043936,331029.15906493505,53.70844506617955,0.0,74,80,86,92,120,150,210,280,550,700,700
