Type,Name,Request Count,Failure Count,Median Response Time,Average Response Time,Min Response Time,Max Response Time,Average Content Size,Requests/s,Failures/s,50%,66%,75%,80%,90%,95%,98%,99%,99.9%,99.99%,100%
GET,/?p=11,14517,9728,240.0,2971.4337205000497,4.3631000007735565,17512.13680001092,209140.8414961769,80.82246979225786,54.160018332925844,240,1200,5000,8000,11000,13000,14000,14000,16000,17000,18000
GET,/?p=5,9754,6515,220.0,2270.5360618209,4.634600001736544,13286.992899986217,10002.305618207914,54.30477167139789,36.2718461594379,220,930,3000,6900,8600,9600,10000,11000,12000,13000,13000
GET,/?p=8,4797,3232,220.0,2274.815565436672,4.405700005008839,12756.611300006625,9806.204294350637,26.706990948092646,17.993953459294442,220,900,2900,7000,8700,9600,10000,11000,12000,13000,13000
,Aggregated,29068,19475,230.0,2621.281214218383,4.3631000007735565,17512.13680001092,109422.74827989542,161.8342324117484,108.42581795165817,230,990,3900,7300,9800,12000,13000,14000,15000,17000,18000
