Type,Name,Request Count,Failure Count,Median Response Time,Average Response Time,Min Response Time,Max Response Time,Average Content Size,Requests/s,Failures/s,50%,66%,75%,80%,90%,95%,98%,99%,99.9%,99.99%,100%
GET,/?p=11,18414,13045,160.0,1996.3998059411715,3.685200004838407,17954.369300001417,186064.4460736396,102.61806303564897,72.69754710003481,160,1800,3200,3800,6000,9600,12000,13000,16000,18000,18000
GET,/?p=5,12249,8586,150.0,1478.6091729202817,2.561399989644997,13207.90140000463,10220.426402155277,68.26157565567853,47.848305051812865,150,870,2600,3500,4800,6500,8200,9000,11000,13000,13000
GET,/?p=8,6251,4415,140.0,1484.8039704207051,4.380000013043173,12602.786499992362,10059.760678291474,34.83575062647126,24.604037596523852,140,880,2700,3600,4900,6400,7900,9000,11000,13000,13000
,Aggregated,36914,26046,150.0,1737.9503550089626,2.561399989644997,17954.369300001417,97910.3938072276,205.71538931779875,145.14988974837152,150,1400,2900,3700,5300,7800,10000,12000,15000,17000,18000
