Type,Name,Request Count,Failure Count,Median Response Time,Average Response Time,Min Response Time,Max Response Time,Average Content Size,Requests/s,Failures/s,50%,66%,75%,80%,90%,95%,98%,99%,99.9%,99.99%,100%
GET,/?p=11,484,0,77,83.49109586791103,70.5487000013818,376.51180000102613,633939.0,2.7177834546173765,0.0,77,79,82,85,95,130,150,170,380,380,380
GET,/?p=5,348,0,36,40.263109769930246,31.518199997663032,167.63689999788767,30085.0,1.9541087648901798,0.0,36,38,39,40,52,59,75,100,170,170,170
GET,/?p=8,151,0,37,40.10970794739563,31.817900002351962,79.7281999984989,30022.0,0.8479035158000493,0.0,37,39,41,44,54,60,66,72,80,80,80
,Aggregated,983,0,71,61.52372177015402,31.518199997663032,376.51180000102613,327395.0946083418,5.519795735307605,0.0,71,75,77,78,85,97,140,160,380,380,380
