Type,Name,Request Count,Failure Count,Median Response Time,Average Response Time,Min Response Time,Max Response Time,Average Content Size,Requests/s,Failures/s,50%,66%,75%,80%,90%,95%,98%,99%,99.9%,99.99%,100%
GET,/?p=11,498,0,82,87.38514738946701,73.6046000092756,218.86119998816866,633939.7550200804,2.791217828131807,0.0,82,86,88,91,110,130,150,170,220,220,220
GET,/?p=5,321,0,38,41.38055607461446,31.36090000043623,103.53509998822119,30085.672897196262,1.799158479578936,0.0,38,40,42,43,51,58,74,89,100,100,100
GET,/?p=8,161,0,39,44.17834844695468,32.097500006784685,209.9715000076685,30022.521739130436,0.9023816673277528,0.0,39,42,44,46,52,65,94,200,210,210,210
,Aggregated,980,0,75,65.21803673455665,31.36090000043623,218.86119998816866,336931.76020408166,5.492757975038495,0.0,75,79,82,84,93,110,140,150,220,220,220
